Name;Group;Passwort
Azar;Remotedesktopbenutzer;schnitzelpomme$1
Anatoliy;Remotedesktopbenutzer;schnitzelpomme$2
Andriy;Remotedesktopbenutzer;schnitzelpomme$3
Antin;Remotedesktopbenutzer;schnitzelpomme$4
Anton;Remotedesktopbenutzer;schnitzelpomme$5
Arkadiy;Remotedesktopbenutzer;schnitzelpomme$6
Artem;Remotedesktopbenutzer Administratoren Lustigespassgruppe;schnitzelpomme$7
Arkhyp;Remotedesktopbenutzer;schnitzelpomme$8
Bazhan;Remotedesktopbenutzer;schnitzelpomme$9
Bilovyd;Remotedesktopbenutzer;schnitzelpomme$10
Bilomyr;Remotedesktopbenutzer;schnitzelpomme$11
Biloslav;Remotedesktopbenutzer;schnitzelpomme$12
Blahomyr;Remotedesktopbenutzer;schnitzelpomme$13
Bohdan;Remotedesktopbenutzer;schnitzelpomme$14
Bohuslav;Remotedesktopbenutzer;schnitzelpomme$15
Bozhen;Remotedesktopbenutzer;schnitzelpomme$16
Borys;Remotedesktopbenutzer;schnitzelpomme$17
Boryslav;Remotedesktopbenutzer;schnitzelpomme$18
Boronyslav;Remotedesktopbenutzer;schnitzelpomme$19
Bratyslav;Remotedesktopbenutzer;schnitzelpomme$20
Bureviy;Remotedesktopbenutzer;schnitzelpomme$21
Vadym;Remotedesktopbenutzer;schnitzelpomme$22
Valentyn;Remotedesktopbenutzer;schnitzelpomme$23
Vasyl;Remotedesktopbenutzer;schnitzelpomme$24
Velemyr;Remotedesktopbenutzer;schnitzelpomme$25
Valeriy;Remotedesktopbenutzer;schnitzelpomme$26
Vysheslav;Remotedesktopbenutzer;schnitzelpomme$27
Viktor;Remotedesktopbenutzer;schnitzelpomme$28
Viroslav;Remotedesktopbenutzer;schnitzelpomme$29
Vitaliy;Remotedesktopbenutzer;schnitzelpomme$30
Vlad;Remotedesktopbenutzer;schnitzelpomme$31
Volodymyr;Remotedesktopbenutzer;schnitzelpomme$32
Volodyslav;Remotedesktopbenutzer;schnitzelpomme$33
Vsevolod;Remotedesktopbenutzer;schnitzelpomme$34
Vyacheslav;Remotedesktopbenutzer;schnitzelpomme$35
Havrylo;Remotedesktopbenutzer;schnitzelpomme$36
Harnoslav;Remotedesktopbenutzer;schnitzelpomme$37
Hnat;Remotedesktopbenutzer;schnitzelpomme$38
Hordyslav;Remotedesktopbenutzer;schnitzelpomme$39
Hordiy;Remotedesktopbenutzer;schnitzelpomme$40
Horyslav;Remotedesktopbenutzer;schnitzelpomme$41
Hremyslav;Remotedesktopbenutzer;schnitzelpomme$42
Hryhoriy;Remotedesktopbenutzer;schnitzelpomme$43
Danylo;Remotedesktopbenutzer;schnitzelpomme$44
Daromyr;Remotedesktopbenutzer;schnitzelpomme$45
Demyan;Remotedesktopbenutzer;schnitzelpomme$46
Dmytro;Remotedesktopbenutzer;schnitzelpomme$47
Dobrynya;Remotedesktopbenutzer;schnitzelpomme$48
Dobrovist;Remotedesktopbenutzer;schnitzelpomme$49
Dobromyr;Remotedesktopbenutzer;schnitzelpomme$50
Dobroslav;Remotedesktopbenutzer;schnitzelpomme$51
Yevhen;Remotedesktopbenutzer;schnitzelpomme$52
Yevheniy;Remotedesktopbenutzer;schnitzelpomme$53
Yehor;Remotedesktopbenutzer;schnitzelpomme$54
Zhivoslav;Remotedesktopbenutzer;schnitzelpomme$55
Zakhar;Remotedesktopbenutzer;schnitzelpomme$56
Zvenyslav;Remotedesktopbenutzer;schnitzelpomme$57
Zynoviy;Remotedesktopbenutzer;schnitzelpomme$58
Zlatomyr;Remotedesktopbenutzer;schnitzelpomme$59
Zoremyr;Remotedesktopbenutzer;schnitzelpomme$60
Zoreslav;Remotedesktopbenutzer;schnitzelpomme$61
Zoryan;Remotedesktopbenutzer;schnitzelpomme$62
Ivan;Remotedesktopbenutzer;schnitzelpomme$63
ihor;Remotedesktopbenutzer;schnitzelpomme$64
Illya;Remotedesktopbenutzer;schnitzelpomme$65
Kyi;Remotedesktopbenutzer;schnitzelpomme$66
Kyrylo;Remotedesktopbenutzer;schnitzelpomme$67
Kornylo;Remotedesktopbenutzer;schnitzelpomme$68
Korniy;Remotedesktopbenutzer;schnitzelpomme$69
Kostyantyn;Remotedesktopbenutzer;schnitzelpomme$70
Kuzma;Remotedesktopbenutzer;schnitzelpomme$71
Ladomyr;Remotedesktopbenutzer;schnitzelpomme$72
Levko;Remotedesktopbenutzer;schnitzelpomme$73
Les;Remotedesktopbenutzer;schnitzelpomme$74
Lukyan;Remotedesktopbenutzer;schnitzelpomme$75
Lyubodar;Remotedesktopbenutzer;schnitzelpomme$76
Lyubozar;Remotedesktopbenutzer;schnitzelpomme$77
Lyubomyr;Remotedesktopbenutzer;schnitzelpomme$78
Lyuboslav;Remotedesktopbenutzer;schnitzelpomme$79
Makar;Remotedesktopbenutzer;schnitzelpomme$80
Maksym;Remotedesktopbenutzer;schnitzelpomme$81
Marko;Remotedesktopbenutzer;schnitzelpomme$82
Maryan;Remotedesktopbenutzer;schnitzelpomme$83
Matviy;Remotedesktopbenutzer;schnitzelpomme$84
Mechyslav;Remotedesktopbenutzer;schnitzelpomme$85
Mykyta;Remotedesktopbenutzer;schnitzelpomme$86
Mykola;Remotedesktopbenutzer;schnitzelpomme$87
Myron;Remotedesktopbenutzer;schnitzelpomme$88
Myroslav;Remotedesktopbenutzer;schnitzelpomme$89
Mykhailo;Remotedesktopbenutzer;schnitzelpomme$90
Mstyslav;Remotedesktopbenutzer;schnitzelpomme$91
Musiy;Remotedesktopbenutzer;schnitzelpomme$92
Nazar;Remotedesktopbenutzer;schnitzelpomme$93
Nazariy;Remotedesktopbenutzer;schnitzelpomme$94
Nemyr;Remotedesktopbenutzer;schnitzelpomme$95
Nepobor;Remotedesktopbenutzer;schnitzelpomme$96
Nestor;Remotedesktopbenutzer;schnitzelpomme$97
Nykyfor;Remotedesktopbenutzer;schnitzelpomme$98
Nykodym;Remotedesktopbenutzer;schnitzelpomme$99
Oleh;Remotedesktopbenutzer;schnitzelpomme$100
Oleksa;Remotedesktopbenutzer;schnitzelpomme$101
Oleksandr;Remotedesktopbenutzer;schnitzelpomme$102
Oleksiy;Remotedesktopbenutzer;schnitzelpomme$103
Oles;Remotedesktopbenutzer;schnitzelpomme$104
Omelyan;Remotedesktopbenutzer;schnitzelpomme$105
Opanas;Remotedesktopbenutzer;schnitzelpomme$106
Orest;Remotedesktopbenutzer;schnitzelpomme$107
Ostap;Remotedesktopbenutzer;schnitzelpomme$108
Ostrozor;Remotedesktopbenutzer;schnitzelpomme$109
Ostromyr;Remotedesktopbenutzer;schnitzelpomme$110
Ostromov;Remotedesktopbenutzer;schnitzelpomme$111
Pavlo;Remotedesktopbenutzer;schnitzelpomme$112
Panas;Remotedesktopbenutzer;schnitzelpomme$113
Peresvit;Remotedesktopbenutzer;schnitzelpomme$114
Petro;Remotedesktopbenutzer;schnitzelpomme$115
Pylyp;Remotedesktopbenutzer;schnitzelpomme$116
Pymon;Remotedesktopbenutzer;schnitzelpomme$117
Polyan;Remotedesktopbenutzer;schnitzelpomme$118
Potap;Remotedesktopbenutzer;schnitzelpomme$119
Predyslav;Remotedesktopbenutzer;schnitzelpomme$120
Radylo;Remotedesktopbenutzer;schnitzelpomme$121
Radym;Remotedesktopbenutzer;schnitzelpomme$122
Radovan;Remotedesktopbenutzer;schnitzelpomme$123
Radomyr;Remotedesktopbenutzer;schnitzelpomme$124
Radoslav;Remotedesktopbenutzer;schnitzelpomme$125
Ratyslav;Remotedesktopbenutzer;schnitzelpomme$126
Rodion;Remotedesktopbenutzer;schnitzelpomme$127
Rodoslav;Remotedesktopbenutzer;schnitzelpomme$128
Roman;Remotedesktopbenutzer;schnitzelpomme$129
Rostyslav;Remotedesktopbenutzer;schnitzelpomme$130
Svyryd;Remotedesktopbenutzer;schnitzelpomme$131
Svit;Remotedesktopbenutzer;schnitzelpomme$132
Svitlohor;Remotedesktopbenutzer;schnitzelpomme$133
Svitlodar;Remotedesktopbenutzer;schnitzelpomme$134
Svitozar;Remotedesktopbenutzer;schnitzelpomme$135
Svitomyr;Remotedesktopbenutzer;schnitzelpomme$136
Svitoslav;Remotedesktopbenutzer;schnitzelpomme$137
Svyatohor;Remotedesktopbenutzer;schnitzelpomme$138
Svyatoslav;Remotedesktopbenutzer;schnitzelpomme$139
Severyn;Remotedesktopbenutzer;schnitzelpomme$140
Symon;Remotedesktopbenutzer;schnitzelpomme$141
Semybor;Remotedesktopbenutzer;schnitzelpomme$142
Semyrad;Remotedesktopbenutzer;schnitzelpomme$143
Serafym;Remotedesktopbenutzer;schnitzelpomme$144
Sydir;Remotedesktopbenutzer;schnitzelpomme$145
Serhiy;Remotedesktopbenutzer;schnitzelpomme$146
Sylan;Remotedesktopbenutzer;schnitzelpomme$147
Sylantiy;Remotedesktopbenutzer;schnitzelpomme$148
Syloslav;Remotedesktopbenutzer;schnitzelpomme$149
Slavobor;Remotedesktopbenutzer;schnitzelpomme$150
Slavomyr;Remotedesktopbenutzer;schnitzelpomme$151
Snizhan;Remotedesktopbenutzer;schnitzelpomme$152
Sontsevyd;Remotedesktopbenutzer;schnitzelpomme$153
Sontsedar;Remotedesktopbenutzer;schnitzelpomme$154
Stanyslav;Remotedesktopbenutzer;schnitzelpomme$155
Stepan;Remotedesktopbenutzer;schnitzelpomme$156
Stoyan;Remotedesktopbenutzer;schnitzelpomme$157
Taras;Remotedesktopbenutzer;schnitzelpomme$158
Tverdyslav;Remotedesktopbenutzer;schnitzelpomme$159
Tvorymyr;Remotedesktopbenutzer;schnitzelpomme$160
Tvoryslav;Remotedesktopbenutzer;schnitzelpomme$161
Terentiy;Remotedesktopbenutzer;schnitzelpomme$162
Tymofiy;Remotedesktopbenutzer;schnitzelpomme$163
Tykhon;Remotedesktopbenutzer;schnitzelpomme$164
Tur;Remotedesktopbenutzer;schnitzelpomme$165
Ustym;Remotedesktopbenutzer;schnitzelpomme$166
Fedir;Remotedesktopbenutzer;schnitzelpomme$167
Fedot;Remotedesktopbenutzer;schnitzelpomme$168
Khvalymyr;Remotedesktopbenutzer;schnitzelpomme$169
Khranymyr;Remotedesktopbenutzer;schnitzelpomme$170
Chestyslav;Remotedesktopbenutzer;schnitzelpomme$171
Shchastyboh;Remotedesktopbenutzer;schnitzelpomme$172
Shchastyslav;Remotedesktopbenutzer;schnitzelpomme$173
Yúriy;Remotedesktopbenutzer;schnitzelpomme$174
Yukhym;Remotedesktopbenutzer;schnitzelpomme$175
Yavir;Remotedesktopbenutzer;schnitzelpomme$176
Yakiv;Remotedesktopbenutzer;schnitzelpomme$177
Yan;Remotedesktopbenutzer;schnitzelpomme$178
Yarema;Remotedesktopbenutzer;schnitzelpomme$179
Yarylo;Remotedesktopbenutzer;schnitzelpomme$180
Yarovyd;Remotedesktopbenutzer;schnitzelpomme$181
Yaromyr;Remotedesktopbenutzer;schnitzelpomme$182
Yaroslav;Remotedesktopbenutzer;schnitzelpomme$183
Yasnovyd;Remotedesktopbenutzer;schnitzelpomme$184
Yasnohor;Remotedesktopbenutzer;schnitzelpomme$185
Yasnozir;Remotedesktopbenutzer;schnitzelpomme$186
